Location,FLUPSY,State,Seed #,Date collected,Bag #,Weight (gr),Shell height (mm),Infested,Infested valve,Notes - location of burrow
JSK,WA-1,WA,1,10-May-23,1,1.04,2.1,0,,has weird mark - dubious
JSK,WA-1,WA,2,10-May-23,1,1.12,2.4,1,,"3 burrows left valve, center, no worm"
JSK,WA-1,WA,3,10-May-23,1,1.68,2.5,0,,
JSK,WA-1,WA,4,10-May-23,1,1.53,2.5,1,,right valve unmbo
JSK,WA-1,WA,5,10-May-23,1,1.1,2.5,0,,
JSK,WA-1,WA,6,10-May-23,1,1.31,2.6,0,,
JSK,WA-1,WA,7,10-May-23,1,1.31,2.4,0,,
JSK,WA-1,WA,8,10-May-23,1,1.38,2.5,1,,"right valve, center"
JSK,WA-1,WA,9,10-May-23,1,1.26,2.4,0,,
JSK,WA-1,WA,10,10-May-23,1,1.71,2.7,0,,
JSK,WA-1,WA,11,10-May-23,1,1.13,2.6,1,,"left valve, center"
JSK,WA-1,WA,12,10-May-23,1,1.15,2,1,,"both with blisters, and worm on left valve"
JSK,WA-1,WA,13,10-May-23,1,1.19,2.5,0,,
JSK,WA-1,WA,14,10-May-23,1,1.46,2.2,0,,
JSK,WA-1,WA,15,10-May-23,1,1.23,2.4,0,,
JSK,WA-1,WA,16,10-May-23,1,1.26,2.8,0,,
JSK,WA-1,WA,17,10-May-23,1,0.95,2.2,0,,
JSK,WA-1,WA,18,10-May-23,1,1.31,2.3,1,,right valva umbo
JSK,WA-1,WA,19,10-May-23,1,1.12,2.4,0,,
JSK,WA-1,WA,20,10-May-23,1,1.49,2.9,0,,
JSK,WA-1,WA,21,10-May-23,1,1.73,2.6,0,,
JSK,WA-1,WA,22,10-May-23,1,0.87,2,0,,
JSK,WA-1,WA,23,10-May-23,1,1.19,2.6,0,,
JSK,WA-1,WA,24,10-May-23,1,1.35,2.4,0,,
JSK,WA-1,WA,25,10-May-23,1,0.93,2.1,1,,right valve center
JSK,WA-1,WA,26,10-May-23,1,0.98,2.15,0,,
JSK,WA-1,WA,27,10-May-23,1,1.21,2.4,1,,left umbo
JSK,WA-1,WA,28,10-May-23,1,1.28,2.4,1,,left umbo
JSK,WA-1,WA,29,10-May-23,1,0.98,2.1,1,,left umbo
JSK,WA-1,WA,30,10-May-23,1,1.47,2.6,1,,left umbo
JSK,WA-1,WA,31,10-May-23,1,1.54,2.9,0,,
JSK,WA-1,WA,32,10-May-23,1,1.27,2.5,0,,
JSK,WA-1,WA,33,10-May-23,1,1.19,2.1,0,,
JSK,WA-1,WA,34,10-May-23,1,1.42,2.5,0,,
JSK,WA-1,WA,35,10-May-23,1,1.13,2.1,0,,
JSK,WA-1,WA,36,10-May-23,1,1.39,2.6,0,,
JSK,WA-1,WA,37,10-May-23,1,1.21,2.55,1,,right umbo
JSK,WA-1,WA,38,10-May-23,1,1.03,1.9,0,,
JSK,WA-1,WA,39,10-May-23,1,2.02,3.3,0,,
JSK,WA-1,WA,40,10-May-23,1,1.52,2.5,0,,
JSK,WA-1,WA,41,10-May-23,1,1.57,2.8,1,,right umbo
JSK,WA-1,WA,42,10-May-23,1,1.54,2.5,1,,left center
JSK,WA-1,WA,43,10-May-23,1,0.99,2.3,0,,
JSK,WA-1,WA,44,10-May-23,1,1.21,2.4,0,,
JSK,WA-1,WA,45,10-May-23,1,1.44,2.7,0,,
JSK,WA-1,WA,46,10-May-23,1,1.29,2.3,0,,
JSK,WA-1,WA,47,10-May-23,1,1.18,2.1,0,,
JSK,WA-1,WA,48,10-May-23,1,1.24,2.5,0,,
JSK,WA-1,WA,49,10-May-23,1,1.21,2.3,0,,
JSK,WA-1,WA,50,10-May-23,1,1.19,2.1,1,,left umbo
JSK,WA-1,WA,51,10-May-23,1,1.43,2.3,0,,
JSK,WA-1,WA,52,10-May-23,1,1.27,2.5,0,,
JSK,WA-1,WA,53,10-May-23,1,1.16,2.65,0,,
JSK,WA-1,WA,54,10-May-23,1,1.13,2,0,,
JSK,WA-1,WA,55,10-May-23,1,1.17,2.5,0,,
JSK,WA-1,WA,56,10-May-23,1,1.28,2.3,1,,left unmbo
JSK,WA-1,WA,57,10-May-23,1,1.04,2.2,0,,
JSK,WA-1,WA,58,10-May-23,1,1.09,2,0,,
JSK,WA-1,WA,59,10-May-23,1,0.98,2.35,1,,left and right
JSK,WA-1,WA,60,10-May-23,1,1.61,2.5,1,,left umbo
JSK,WA-1,WA,61,10-May-23,1,2.1,2.9,1,,right center
JSK,WA-1,WA,62,10-May-23,1,0.9,2.2,0,,
JSK,WA-1,WA,63,10-May-23,1,1.29,2.3,0,,
JSK,WA-1,WA,64,10-May-23,1,1.16,2.2,0,,
JSK,WA-1,WA,65,10-May-23,1,1.33,2.6,0,,
JSK,WA-1,WA,66,10-May-23,1,1.34,2.6,1,,right center
JSK,WA-1,WA,67,10-May-23,1,1.2,2.6,0,,
JSK,WA-1,WA,68,10-May-23,1,1.64,2.5,0,,
JSK,WA-1,WA,69,10-May-23,1,1.41,2.3,0,,
JSK,WA-1,WA,70,10-May-23,1,1.77,2.4,0,,
JSK,WA-1,WA,71,10-May-23,1,1.34,2.8,0,,
JSK,WA-1,WA,72,10-May-23,1,1.72,2.9,0,,
JSK,WA-1,WA,73,10-May-23,1,1.05,2.2,0,,
JSK,WA-1,WA,74,10-May-23,1,0.87,2,0,,
JSK,WA-1,WA,75,10-May-23,1,1.02,2.1,0,,
JSK,WA-1,WA,76,10-May-23,1,1.18,2,0,,
JSK,WA-1,WA,77,10-May-23,1,1.34,2.2,0,,
JSK,WA-1,WA,78,10-May-23,1,1.12,2.2,0,,
JSK,WA-1,WA,79,10-May-23,1,0.82,2,0,,
JSK,WA-1,WA,80,10-May-23,1,1.16,2.5,0,,
JSK,WA-1,WA,81,10-May-23,1,1.18,2.1,0,,
JSK,WA-1,WA,82,10-May-23,1,1.3,2.3,0,,
JSK,WA-1,WA,83,10-May-23,1,1.79,3,0,,
JSK,WA-1,WA,84,10-May-23,1,1,2.3,0,,
JSK,WA-1,WA,85,10-May-23,1,1.15,2.2,0,,
JSK,WA-1,WA,86,10-May-23,1,1.2,2.5,0,,
JSK,WA-1,WA,87,10-May-23,1,1.25,2.55,0,,left umbo
JSK,WA-1,WA,88,10-May-23,1,1.35,1.8,1,,left center
JSK,WA-1,WA,89,10-May-23,1,1.04,2,1,,
JSK,WA-1,WA,90,10-May-23,1,0.89,2.1,0,,
JSK,WA-1,WA,91,10-May-23,1,0.85,1.9,0,,
JSK,WA-1,WA,92,10-May-23,1,0.83,1.8,0,,
JSK,WA-1,WA,93,10-May-23,1,1.08,2.1,0,,
JSK,WA-1,WA,94,10-May-23,1,1.05,2.3,0,,left center
JSK,WA-1,WA,95,10-May-23,1,0.96,1.8,1,,
JSK,WA-1,WA,96,10-May-23,1,1.25,2.3,0,,
JSK,WA-1,WA,97,10-May-23,1,1.12,2.1,0,,left umbo
JSK,WA-1,WA,98,10-May-23,1,1,2.1,1,,
JSK,WA-1,WA,99,10-May-23,1,1,2,0,,
JSK,WA-1,WA,100,10-May-23,1,0.84,1.6,0,,
DHO,WA-2,WA,1,15-May-23,1,1.24,2.4,0,,
DHO,WA-2,WA,2,15-May-23,1,1.35,2.2,0,,
DHO,WA-2,WA,3,15-May-23,1,1.2,2,0,,
DHO,WA-2,WA,4,15-May-23,1,1.7,2.3,0,,
DHO,WA-2,WA,5,15-May-23,1,1.13,2.5,0,,
DHO,WA-2,WA,6,15-May-23,1,2.39,2.5,0,,
DHO,WA-2,WA,7,15-May-23,1,1.09,2.2,0,,
DHO,WA-2,WA,8,15-May-23,1,1.56,2.2,0,,
DHO,WA-2,WA,9,15-May-23,1,1.34,2.3,0,,
DHO,WA-2,WA,10,15-May-23,1,1.19,2.2,0,,
DHO,WA-2,WA,11,15-May-23,1,1.75,2.5,0,,
DHO,WA-2,WA,12,15-May-23,1,0.91,2.1,0,,
DHO,WA-2,WA,13,15-May-23,1,1.78,2.5,0,,
DHO,WA-2,WA,14,15-May-23,1,1.44,2.3,0,,
DHO,WA-2,WA,15,15-May-23,1,1.33,2.2,0,,
DHO,WA-2,WA,16,15-May-23,1,1.23,2.3,1,left center,
DHO,WA-2,WA,17,15-May-23,1,2.21,2.9,0,,
DHO,WA-2,WA,18,15-May-23,1,0.97,2.2,0,,
DHO,WA-2,WA,19,15-May-23,1,1.15,2.3,0,,
DHO,WA-2,WA,20,15-May-23,1,1.31,2.2,0,,
DHO,WA-2,WA,21,15-May-23,1,2.15,2.3,0,,
DHO,WA-2,WA,22,15-May-23,1,1.28,2.5,0,,
DHO,WA-2,WA,23,15-May-23,1,1.79,2.6,0,,
DHO,WA-2,WA,24,15-May-23,1,2.2,2.7,0,,
DHO,WA-2,WA,25,15-May-23,1,1.54,2.4,0,,
DHO,WA-2,WA,26,15-May-23,1,1.08,2.1,0,,
DHO,WA-2,WA,27,15-May-23,1,1.24,2.2,0,,
DHO,WA-2,WA,28,15-May-23,1,1.55,2.4,0,,
DHO,WA-2,WA,29,15-May-23,1,1.68,2.7,0,,
DHO,WA-2,WA,30,15-May-23,1,1.05,2,0,,
DHO,WA-2,WA,31,15-May-23,1,2.57,2.8,0,,
DHO,WA-2,WA,32,15-May-23,1,1.12,2.1,0,,
DHO,WA-2,WA,33,15-May-23,1,1.15,2.4,0,,
DHO,WA-2,WA,34,15-May-23,1,1,2,0,,
DHO,WA-2,WA,35,15-May-23,1,1.44,2.3,0,,
DHO,WA-2,WA,36,15-May-23,1,1.79,2.5,0,,
DHO,WA-2,WA,37,15-May-23,1,1.22,2.3,0,,
DHO,WA-2,WA,38,15-May-23,1,2.06,2.5,0,,
DHO,WA-2,WA,39,15-May-23,1,1.57,2.5,0,,
DHO,WA-2,WA,40,15-May-23,1,1.52,2.3,1,left center,
DHO,WA-2,WA,41,15-May-23,1,1.35,2.4,0,,
DHO,WA-2,WA,42,15-May-23,1,0.98,2.3,0,,
DHO,WA-2,WA,43,15-May-23,1,1.17,2.5,0,,
DHO,WA-2,WA,44,15-May-23,1,1.45,2.2,1,left umbo,
DHO,WA-2,WA,45,15-May-23,1,1.57,2.3,0,,
DHO,WA-2,WA,46,15-May-23,1,1.25,2,0,,
DHO,WA-2,WA,47,15-May-23,1,2.08,2.6,0,,
DHO,WA-2,WA,48,15-May-23,1,1.68,2.5,0,,
DHO,WA-2,WA,49,15-May-23,1,1.2,2,0,,
DHO,WA-2,WA,50,15-May-23,1,2.08,2.6,0,,
DHO,WA-2,WA,51,15-May-23,1,1.97,2.4,0,,
DHO,WA-2,WA,52,15-May-23,1,1.73,2.5,0,,
DHO,WA-2,WA,53,15-May-23,1,1.65,2.4,0,,
DHO,WA-2,WA,54,15-May-23,1,1.3,2.2,0,,
DHO,WA-2,WA,55,15-May-23,1,1.7,2.7,0,,
DHO,WA-2,WA,56,15-May-23,1,5.3,3.1,0,,
DHO,WA-2,WA,57,15-May-23,1,1.4,2.7,0,,
DHO,WA-2,WA,58,15-May-23,1,1.31,2.3,0,,
DHO,WA-2,WA,59,15-May-23,1,1.27,2.3,1,left umbo,
DHO,WA-2,WA,60,15-May-23,1,1.55,2.2,0,,
DHO,WA-2,WA,61,15-May-23,1,1.45,2.2,0,,
DHO,WA-2,WA,62,15-May-23,1,1.1,2.4,0,,
DHO,WA-2,WA,63,15-May-23,1,1.14,2.5,0,,
DHO,WA-2,WA,64,15-May-23,1,0.94,2,0,,
DHO,WA-2,WA,65,15-May-23,1,1.52,2.3,0,,
DHO,WA-2,WA,66,15-May-23,1,1.6,2.5,0,,
DHO,WA-2,WA,67,15-May-23,1,1.28,2.2,0,,
DHO,WA-2,WA,68,15-May-23,1,1.27,2.4,0,,
DHO,WA-2,WA,69,15-May-23,1,1.3,2.3,0,,
DHO,WA-2,WA,70,15-May-23,1,2.03,2.5,0,,
DHO,WA-2,WA,71,15-May-23,1,1.89,2.2,1,left umbo,
DHO,WA-2,WA,72,15-May-23,1,2.18,3,0,,
DHO,WA-2,WA,73,15-May-23,1,1.64,2.5,0,,
DHO,WA-2,WA,74,15-May-23,1,1.47,2.4,0,,
DHO,WA-2,WA,75,15-May-23,1,1.59,2.2,0,,
DHO,WA-2,WA,76,15-May-23,1,1.33,2.4,0,,
DHO,WA-2,WA,77,15-May-23,1,1.89,2.7,0,,
DHO,WA-2,WA,78,15-May-23,1,1.38,2.3,0,,
DHO,WA-2,WA,79,15-May-23,1,1.41,2.4,0,,
DHO,WA-2,WA,80,15-May-23,1,1.37,2.5,0,,
DHO,WA-2,WA,81,15-May-23,1,1.43,2.3,0,,
DHO,WA-2,WA,82,15-May-23,1,1.48,2.5,1,left umbo,
DHO,WA-2,WA,83,15-May-23,1,1,2.1,0,,
DHO,WA-2,WA,84,15-May-23,1,1.1,2.3,0,,
DHO,WA-2,WA,85,15-May-23,1,1.12,2.4,1,left center,
DHO,WA-2,WA,86,15-May-23,1,1.13,2.2,0,,
DHO,WA-2,WA,87,15-May-23,1,1.06,2.5,0,,
DHO,WA-2,WA,88,15-May-23,1,1.1,2.2,0,,
DHO,WA-2,WA,89,15-May-23,1,1.31,2,0,,
DHO,WA-2,WA,90,15-May-23,1,1.14,2.1,0,,
DHO,WA-2,WA,91,15-May-23,1,1.35,2.1,0,,
DHO,WA-2,WA,92,15-May-23,1,1.18,2.5,0,,
DHO,WA-2,WA,93,15-May-23,1,0.88,2.1,0,,
DHO,WA-2,WA,94,15-May-23,1,0.94,2.2,0,,
DHO,WA-2,WA,95,15-May-23,1,0.97,2.1,0,,
DHO,WA-2,WA,96,15-May-23,1,1.17,1.9,0,,
DHO,WA-2,WA,97,15-May-23,1,0.81,2.2,0,,
DHO,WA-2,WA,98,15-May-23,1,1.18,2.2,0,,
DHO,WA-2,WA,99,15-May-23,1,1.47,2.7,0,,
DHO,WA-2,WA,100,15-May-23,1,1.25,2.1,0,,
HHH,AAWA-3,WA,1,15-May-23,"Dip, bin1, FLUPSY ",0.92,2.6,0,,
HHH,AAWA-3,WA,2,15-May-23,"Dip, bin1, FLUPSY ",1.02,2.8,0,,
HHH,AAWA-3,WA,3,15-May-23,"Dip, bin1, FLUPSY ",0.87,2.5,0,,
HHH,AAWA-3,WA,4,15-May-23,"Dip, bin1, FLUPSY ",0.88,2.6,0,,
HHH,AAWA-3,WA,5,15-May-23,"Dip, bin1, FLUPSY ",1.3,3.1,0,,
HHH,AAWA-3,WA,6,15-May-23,"Dip, bin1, FLUPSY ",1.21,2.5,0,,
HHH,AAWA-3,WA,7,15-May-23,"Dip, bin1, FLUPSY ",1.15,2.5,0,,
HHH,AAWA-3,WA,8,15-May-23,"Dip, bin1, FLUPSY ",1.29,3.2,0,,
HHH,AAWA-3,WA,9,15-May-23,"Dip, bin1, FLUPSY ",1.4,3,0,,
HHH,AAWA-3,WA,10,15-May-23,"Dip, bin1, FLUPSY ",0.94,2.8,0,,
HHH,AAWA-3,WA,11,15-May-23,"Dip, bin1, FLUPSY ",1.02,2.6,0,,
HHH,AAWA-3,WA,12,15-May-23,"Dip, bin1, FLUPSY ",1.51,3.1,0,,
HHH,AAWA-3,WA,13,15-May-23,"Dip, bin1, FLUPSY ",1.08,2.5,0,,
HHH,AAWA-3,WA,14,15-May-23,"Dip, bin1, FLUPSY ",0.96,2.7,0,,
HHH,AAWA-3,WA,15,15-May-23,"Dip, bin1, FLUPSY ",1.65,2.7,0,,
HHH,AAWA-3,WA,16,15-May-23,"Dip, bin1, FLUPSY ",1.12,2.9,0,,
HHH,AAWA-3,WA,17,15-May-23,"Dip, bin1, FLUPSY ",1.46,2.8,0,,
HHH,AAWA-3,WA,18,15-May-23,"Dip, bin1, FLUPSY ",1.07,2.6,0,,
HHH,AAWA-3,WA,19,15-May-23,"Dip, bin1, FLUPSY ",0.84,2.3,0,,
HHH,AAWA-3,WA,20,15-May-23,"Dip, bin1, FLUPSY ",0.8,2.5,0,,
HHH,AAWA-3,WA,21,15-May-23,"Dip, bin1, FLUPSY ",1,2.7,0,,
HHH,AAWA-3,WA,22,15-May-23,"Dip, bin1, FLUPSY ",1.06,2.4,0,,
HHH,AAWA-3,WA,23,15-May-23,"Dip, bin1, FLUPSY ",0.84,2.4,0,,
HHH,AAWA-3,WA,24,15-May-23,"Dip, bin1, FLUPSY ",0.67,2.3,0,,
HHH,AAWA-3,WA,25,15-May-23,"Dip, bin1, FLUPSY ",0.7,2.5,0,,
HHH,AAWA-3,WA,26,15-May-23,"Bin 5, midri?",1.47,3,0,,
HHH,AAWA-3,WA,27,15-May-23,"Bin 5, midri?",1.36,2.9,0,,
HHH,AAWA-3,WA,28,15-May-23,"Bin 5, midri?",2,3.3,0,,
HHH,AAWA-3,WA,29,15-May-23,"Bin 5, midri?",1.98,3.3,0,,
HHH,AAWA-3,WA,30,15-May-23,"Bin 5, midri?",2.43,3.6,0,,
HHH,AAWA-3,WA,31,15-May-23,"Bin 5, midri?",1.78,2.3,0,,
HHH,WA-3,WA,32,15-May-23,"Bin 5, midri?",2.17,3.2,0,,
HHH,AAWA-3,WA,33,15-May-23,"Bin 5, midri?",2.82,3,0,,
HHH,AAWA-3,WA,34,15-May-23,"Bin 5, midri?",1.92,3.5,0,,
HHH,AAWA-3,WA,35,15-May-23,"Bin 5, midri?",2.1,2.9,0,,
HHH,AAWA-3,WA,36,15-May-23,"Bin 5, midri?",1.98,3,0,,
HHH,AAWA-3,WA,37,15-May-23,"Bin 5, midri?",2,2.8,0,,
HHH,AAWA-3,WA,38,15-May-23,"Bin 5, midri?",1.9,3,0,,
HHH,AAWA-3,WA,39,15-May-23,"Bin 5, midri?",2.77,3.4,0,,
HHH,AAWA-3,WA,40,15-May-23,"Bin 5, midri?",1.62,2.6,0,,
HHH,AAWA-3,WA,41,15-May-23,"Bin 5, midri?",1.48,2.7,0,,
HHH,AAWA-3,WA,42,15-May-23,"Bin 5, midri?",1.8,3,0,,
HHH,AAWA-3,WA,43,15-May-23,"Bin 5, midri?",2.1,3.2,0,,
HHH,AAWA-3,WA,44,15-May-23,"Bin 5, midri?",2.17,3,0,,
HHH,AAWA-3,WA,45,15-May-23,"Bin 5, midri?",1.84,3.1,0,,
HHH,AAWA-3,WA,46,15-May-23,"Bin 5, midri?",2.85,3.3,0,,
HHH,AAWA-3,WA,47,15-May-23,"Bin 5, midri?",2.05,3,0,,
HHH,AAWA-3,WA,48,15-May-23,"Bin 5, midri?",2.16,2.8,0,,
HHH,AAWA-3,WA,49,15-May-23,"Bin 5, midri?",1.78,3,0,,
HHH,AAWA-3,WA,50,15-May-23,"Bin 5, midri?",1.36,3,0,,
HHH,AAWA-3,WA,51,15-May-23,"Bin 6, MJ 22",1.67,3.3,0,,
HHH,AAWA-3,WA,52,15-May-23,"Bin 6, MJ 22",1.95,3.1,0,,
HHH,AAWA-3,WA,53,15-May-23,"Bin 6, MJ 22",2.26,3.1,0,,
HHH,AAWA-3,WA,54,15-May-23,"Bin 6, MJ 22",1.78,3,0,,
HHH,AAWA-3,WA,55,15-May-23,"Bin 6, MJ 22",2.02,2.9,0,,
HHH,AAWA-3,WA,56,15-May-23,"Bin 6, MJ 22",1.91,3.5,0,,
HHH,AAWA-3,WA,57,15-May-23,"Bin 6, MJ 22",2.18,3.5,0,,
HHH,AAWA-3,WA,58,15-May-23,"Bin 6, MJ 22",1.86,3,0,,
HHH,AAWA-3,WA,59,15-May-23,"Bin 6, MJ 22",1.89,3,0,,
HHH,AAWA-3,WA,60,15-May-23,"Bin 6, MJ 22",1.83,3.2,0,,
HHH,AAWA-3,WA,61,15-May-23,"Bin 6, MJ 22",2.35,3,0,,
HHH,AAWA-3,WA,62,15-May-23,"Bin 6, MJ 22",1.53,3,0,,
HHH,AAWA-3,WA,63,15-May-23,"Bin 6, MJ 22",1.56,2.8,1,,
HHH,AAWA-3,WA,64,15-May-23,"Bin 6, MJ 22",1.81,3,0,,
HHH,AAWA-3,WA,65,15-May-23,"Bin 6, MJ 22",1.5,2.9,0,,
HHH,AAWA-3,WA,66,15-May-23,"Bin 6, MJ 22",1.63,2.9,0,,
HHH,AAWA-3,WA,67,15-May-23,"Bin 6, MJ 22",2.1,3.2,0,,
HHH,AAWA-3,WA,68,15-May-23,"Bin 6, MJ 22",1.39,3,0,,
HHH,AAWA-3,WA,69,15-May-23,"Bin 6, MJ 22",2.28,3.2,0,,
HHH,AAWA-3,WA,70,15-May-23,"Bin 6, MJ 22",1.67,3,0,,
HHH,AAWA-3,WA,71,15-May-23,"Bin 6, MJ 22",1.74,2.5,0,,
HHH,AAWA-3,WA,72,15-May-23,"Bin 6, MJ 22",2.17,3.5,0,,
HHH,AAWA-3,WA,73,15-May-23,"Bin 6, MJ 22",1.6,2.9,0,,
HHH,AAWA-3,WA,74,15-May-23,"Bin 6, MJ 22",1.53,3,0,,
HHH,AAWA-3,WA,75,15-May-23,"Bin 6, MJ 22",2.09,3.3,0,,
HHH,AAWA-3,WA,76,15-May-23,"Bin 3, Hg 11.11",1.99,3.6,0,,
HHH,AAWA-3,WA,77,15-May-23,"Bin 3, Hg 11.12",1.5,2.7,0,,
HHH,AAWA-3,WA,78,15-May-23,"Bin 3, Hg 11.13",1.33,2.7,0,,
HHH,AAWA-3,WA,79,15-May-23,"Bin 3, Hg 11.14",1.45,2.5,0,,
HHH,AAWA-3,WA,80,15-May-23,"Bin 3, Hg 11.15",1.09,2.5,0,,
HHH,AAWA-3,WA,81,15-May-23,"Bin 3, Hg 11.16",1.39,2.8,0,,
HHH,AAWA-3,WA,82,15-May-23,"Bin 3, Hg 11.17",1.89,3,0,,
HHH,AAWA-3,WA,83,15-May-23,"Bin 3, Hg 11.18",2.23,3,0,,
HHH,AAWA-3,WA,84,15-May-23,"Bin 3, Hg 11.19",1.4,2.7,0,,
HHH,AAWA-3,WA,85,15-May-23,"Bin 3, Hg 11.20",1.72,2.9,0,,
HHH,AAWA-3,WA,86,15-May-23,"Bin 3, Hg 11.21",1.55,2.7,0,,
HHH,AAWA-3,WA,87,15-May-23,"Bin 3, Hg 11.22",1.42,2.6,0,,
HHH,AAWA-3,WA,88,15-May-23,"Bin 3, Hg 11.23",1.45,2.6,0,,
HHH,AAWA-3,WA,89,15-May-23,"Bin 3, Hg 11.24",1.47,2.7,0,,
HHH,AAWA-3,WA,90,15-May-23,"Bin 3, Hg 11.25",1.3,2.5,0,,
HHH,AAWA-3,WA,91,15-May-23,"Bin 3, Hg 11.26",1.27,2.5,0,,
HHH,AAWA-3,WA,92,15-May-23,"Bin 3, Hg 11.27",1.37,2.6,0,,
HHH,AAWA-3,WA,93,15-May-23,"Bin 3, Hg 11.28",1.29,2.5,0,,
HHH,AAWA-3,WA,94,15-May-23,"Bin 3, Hg 11.29",1.27,2.6,0,,
HHH,AAWA-3,WA,95,15-May-23,"Bin 3, Hg 11.30",1.51,2.8,0,,
HHH,AAWA-3,WA,96,15-May-23,"Bin 3, Hg 11.31",1.12,2.5,0,,
HHH,AAWA-3,WA,97,15-May-23,"Bin 3, Hg 11.32",1.36,2.6,0,,
HHH,AAWA-3,WA,98,15-May-23,"Bin 3, Hg 11.33",1.05,2.4,0,,
HHH,AAWA-3,WA,99,15-May-23,"Bin 3, Hg 11.34",1.22,2.6,0,,
HHH,AAWA-3,WA,100,15-May-23,"Bin 3, Hg 11.35",2.09,3.2,0,,
SSF,WA-4,WA,1,15-May-23,Silo 17,1.94,3.3,0,,
SSF,WA-4,WA,2,15-May-23,Silo 17,3.09,3.2,0,,
SSF,WA-4,WA,3,15-May-23,Silo 17,2.81,3.1,0,,
SSF,WA-4,WA,4,15-May-23,Silo 17,2.98,2.7,0,,
SSF,WA-4,WA,5,15-May-23,Silo 17,2.04,2.9,0,,
SSF,WA-4,WA,6,15-May-23,Silo 17,2.62,2.5,0,,
SSF,WA-4,WA,7,15-May-23,Silo 17,2.22,2.5,0,,
SSF,WA-4,WA,8,15-May-23,Silo 17,2.63,3.2,0,,
SSF,WA-4,WA,9,15-May-23,Silo 17,2.43,2.8,0,,
SSF,WA-4,WA,10,15-May-23,Silo 17,2.78,3.6,0,,
SSF,WA-4,WA,11,15-May-23,Silo 17,2.04,2.9,0,,
SSF,WA-4,WA,12,15-May-23,Silo 17,2.65,3.3,0,,
SSF,WA-4,WA,13,15-May-23,Silo 17,2.51,2.7,0,,
SSF,WA-4,WA,14,15-May-23,Silo 17,2.95,2.8,0,,
SSF,WA-4,WA,15,15-May-23,Silo 17,1.89,2.5,0,,
SSF,WA-4,WA,16,15-May-23,Silo 17,2.68,2.9,0,,
SSF,WA-4,WA,17,15-May-23,Silo 17,2.39,2.9,0,,
SSF,WA-4,WA,18,15-May-23,Silo 17,2.76,3.1,0,,
SSF,WA-4,WA,19,15-May-23,Silo 17,2.38,2.5,0,,
SSF,WA-4,WA,20,15-May-23,Silo 17,2.18,3,0,,
SSF,WA-4,WA,21,15-May-23,Silo 17,3.1,3.3,0,,
SSF,WA-4,WA,22,15-May-23,Silo 17,2.3,3.8,0,,
SSF,WA-4,WA,23,15-May-23,Silo 17,2.35,2.5,0,,
SSF,WA-4,WA,24,15-May-23,Silo 17,2.71,2.8,0,,
SSF,WA-4,WA,25,15-May-23,Silo 17,2.57,3.1,0,,
SSF,WA-4,WA,26,15-May-23,Silo 11,2.67,3.3,0,,
SSF,WA-4,WA,27,15-May-23,Silo 11,1.87,2.8,0,,
SSF,WA-4,WA,28,15-May-23,Silo 11,1.73,2.8,0,,
SSF,WA-4,WA,29,15-May-23,Silo 11,1.98,2.8,0,,
SSF,WA-4,WA,30,15-May-23,Silo 11,2.48,2.7,0,,
SSF,WA-4,WA,31,15-May-23,Silo 11,2.16,3.1,0,,
SSF,WA-4,WA,32,15-May-23,Silo 11,2.32,2.7,0,,
SSF,WA-4,WA,33,15-May-23,Silo 11,2.11,2.7,0,,
SSF,WA-4,WA,34,15-May-23,Silo 11,2.37,3,0,,
SSF,WA-4,WA,35,15-May-23,Silo 11,1.45,2.4,0,,
SSF,WA-4,WA,36,15-May-23,Silo 11,1.96,2.8,0,,
SSF,WA-4,WA,37,15-May-23,Silo 11,2.64,3.3,0,,
SSF,WA-4,WA,38,15-May-23,Silo 11,2.11,2.8,0,,
SSF,WA-4,WA,39,15-May-23,Silo 11,1.43,2.6,0,,
SSF,WA-4,WA,40,15-May-23,Silo 11,1.07,2.4,0,,
SSF,WA-4,WA,41,15-May-23,Silo 11,2.1,3.6,0,,
SSF,WA-4,WA,42,15-May-23,Silo 11,2.2,2.9,0,,
SSF,WA-4,WA,43,15-May-23,Silo 11,3.4,3.2,0,,
SSF,WA-4,WA,44,15-May-23,Silo 11,2.28,2.5,0,,
SSF,WA-4,WA,45,15-May-23,Silo 11,2.34,2.7,0,,
SSF,WA-4,WA,46,15-May-23,Silo 11,2.78,4,0,,
SSF,WA-4,WA,47,15-May-23,Silo 11,2.5,2.8,0,,
SSF,WA-4,WA,48,15-May-23,Silo 11,2.2,3,0,,
SSF,WA-4,WA,49,15-May-23,Silo 11,2.85,3.2,0,,
SSF,WA-4,WA,50,15-May-23,Silo 11,2.72,3.2,0,,
SSF,WA-4,WA,51,15-May-23,Silo 19,2.72,2.5,0,,
SSF,WA-4,WA,52,15-May-23,Silo 19,2.03,2.6,0,,
SSF,WA-4,WA,53,15-May-23,Silo 19,2.85,3.2,0,,
SSF,WA-4,WA,54,15-May-23,Silo 19,2.21,2.5,0,,
SSF,WA-4,WA,55,15-May-23,Silo 19,1.98,2.6,0,,
SSF,WA-4,WA,56,15-May-23,Silo 19,2.67,2.6,0,,
SSF,WA-4,WA,57,15-May-23,Silo 19,2.75,2.6,0,,
SSF,WA-4,WA,58,15-May-23,Silo 19,2.49,3,0,,
SSF,WA-4,WA,59,15-May-23,Silo 19,2.87,3.3,0,,
SSF,WA-4,WA,60,15-May-23,Silo 19,2.67,2.6,0,,
SSF,WA-4,WA,61,15-May-23,Silo 19,2.38,2.9,0,,
SSF,WA-4,WA,62,15-May-23,Silo 19,2.95,2.9,0,,
SSF,WA-4,WA,63,15-May-23,Silo 19,2.44,3,0,,
SSF,WA-4,WA,64,15-May-23,Silo 19,2.02,2.9,0,,
SSF,WA-4,WA,65,15-May-23,Silo 19,2.63,2.8,0,,
SSF,WA-4,WA,66,15-May-23,Silo 19,1.78,2.4,0,,
SSF,WA-4,WA,67,15-May-23,Silo 19,2.69,3.1,0,,
SSF,WA-4,WA,68,15-May-23,Silo 19,2.69,3,0,,
SSF,WA-4,WA,69,15-May-23,Silo 19,2.16,2.8,0,,
SSF,WA-4,WA,70,15-May-23,Silo 19,1.89,2.6,0,,
SSF,WA-4,WA,71,15-May-23,Silo 19,2.31,3.1,1,,
SSF,WA-4,WA,72,15-May-23,Silo 19,2.55,2.7,0,,
SSF,WA-4,WA,73,15-May-23,Silo 19,2.32,2.8,0,,
SSF,WA-4,WA,74,15-May-23,Silo 19,2.88,2.8,0,,
SSF,WA-4,WA,75,15-May-23,Silo 19,2.92,3,0,,
SSF,WA-4,WA,76,15-May-23,Silo 26,2.95,2.9,0,,
SSF,WA-4,WA,77,15-May-23,Silo 26,2.15,2.5,0,,
SSF,WA-4,WA,78,15-May-23,Silo 26,3.89,3.3,0,,
SSF,WA-4,WA,79,15-May-23,Silo 26,1.97,3,0,,
SSF,WA-4,WA,80,15-May-23,Silo 26,1.97,2.6,0,,
SSF,WA-4,WA,81,15-May-23,Silo 26,3.37,3.4,0,,
SSF,WA-4,WA,82,15-May-23,Silo 26,3.11,3,0,,
SSF,WA-4,WA,83,15-May-23,Silo 26,3.03,3.2,0,,
SSF,WA-4,WA,84,15-May-23,Silo 26,2.49,2.7,0,,
SSF,WA-4,WA,85,15-May-23,Silo 26,2.58,3,0,,
SSF,WA-4,WA,86,15-May-23,Silo 26,2.35,3.3,0,,
SSF,WA-4,WA,87,15-May-23,Silo 26,2.45,3.3,0,,
SSF,WA-4,WA,88,15-May-23,Silo 26,2.73,3,1,,
SSF,WA-4,WA,89,15-May-23,Silo 26,2.52,3,0,,
SSF,WA-4,WA,90,15-May-23,Silo 26,1.27,2.8,0,,
SSF,WA-4,WA,91,15-May-23,Silo 26,0.86,2.9,0,,
SSF,WA-4,WA,92,15-May-23,Silo 26,3.16,2.9,0,,
SSF,WA-4,WA,93,15-May-23,Silo 26,2.17,3.5,0,,
SSF,WA-4,WA,94,15-May-23,Silo 26,3.6,3.3,0,,
SSF,WA-4,WA,95,15-May-23,Silo 26,2.42,2.6,0,,
SSF,WA-4,WA,96,15-May-23,Silo 26,2.56,2.7,0,,
SSF,WA-4,WA,97,15-May-23,Silo 26,2.32,2.5,0,,
SSF,WA-4,WA,98,15-May-23,Silo 26,2.78,2.9,0,,
SSF,WA-4,WA,99,15-May-23,Silo 26,2.74,2.6,0,,
SSF,WA-4,WA,100,15-May-23,Silo 26,3.5,3,0,,
KAU,HI-1,HI,1,10-May-23,1 - sample A (infested),2.31,2.8,1,both blisters,
KAU,HI-1,HI,2,10-May-23,1 - sample A (infested),3.7,2.6,1,both blisters,
KAU,HI-1,HI,3,10-May-23,1 - sample A (infested),2.18,2.5,1,both blisters,
KAU,HI-1,HI,4,10-May-23,1 - sample A (infested),3.3,2.6,1,both blisters,
KAU,HI-1,HI,5,10-May-23,1 - sample A (infested),1.46,2.3,1,both blisters,
KAU,HI-1,HI,6,10-May-23,1 - sample A (infested),2.26,2.5,1,both blisters,
KAU,HI-1,HI,7,10-May-23,1 - sample A (infested),2.29,2.5,1,both blisters,
KAU,HI-1,HI,8,10-May-23,1 - sample A (infested),1.91,2.5,1,both blisters,
KAU,HI-1,HI,9,10-May-23,1 - sample A (infested),3.56,3.1,1,both blisters,
KAU,HI-1,HI,10,10-May-23,1 - sample A (infested),2.82,2.9,1,both blisters,
KAU,HI-1,HI,11,10-May-23,1 - sample A (infested),2.58,2.6,1,both blisters,
KAU,HI-1,HI,12,10-May-23,1 - sample A (infested),3.17,2.8,1,both blisters,
KAU,HI-1,HI,13,10-May-23,1 - sample A (infested),2.35,2.7,1,both blisters,
KAU,HI-1,HI,14,10-May-23,1 - sample A (infested),2.66,2.5,1,both blisters,
KAU,HI-1,HI,15,10-May-23,1 - sample A (infested),2.95,2.6,1,both blisters,
KAU,HI-1,HI,16,10-May-23,1 - sample A (infested),2.08,2,1,both blisters,
KAU,HI-1,HI,17,10-May-23,1 - sample A (infested),2.77,2.9,1,both blisters,
KAU,HI-1,HI,18,10-May-23,1 - sample A (infested),3.42,2.8,1,both blisters,
KAU,HI-1,HI,19,10-May-23,1 - sample A (infested),2.16,2.1,1,both blisters,
KAU,HI-1,HI,20,10-May-23,1 - sample A (infested),3.43,2.9,1,both blisters - WORMS VOUCHERED 2,
KAU,HI-1,HI,21,10-May-23,1 - sample A (infested),2.39,2.8,1,both blisters,
KAU,HI-1,HI,22,10-May-23,1 - sample A (infested),3.24,2.5,1,both blisters,
KAU,HI-1,HI,23,10-May-23,1 - sample A (infested),2.38,2.3,1,both blisters - WORMS VOUCHERED 2,
KAU,HI-1,HI,24,10-May-23,1 - sample A (infested),1.97,2.3,1,both blisters,
KAU,HI-1,HI,25,10-May-23,1 - sample A (infested),2.12,2.5,0,both blisters,
KAU,HI-1,HI,26,10-May-23,1 - sample A (infested),2.67,2.9,1,both blisters - WORM VOUCHERED,
KAU,HI-1,HI,27,10-May-23,1 - sample A (infested),2.34,2.4,1,both blisters,
KAU,HI-1,HI,28,10-May-23,1 - sample A (infested),4.12,3,1,both blisters - WORM VOUCHERED,
KAU,HI-1,HI,29,10-May-23,1 - sample A (infested),2.83,2.9,1,both blisters,
KAU,HI-1,HI,30,10-May-23,1 - sample A (infested),2.09,2.3,1,both blisters,
KAU,HI-1,HI,31,10-May-23,1 - sample A (infested),2.02,2.3,1,both blisters,
KAU,HI-1,HI,32,10-May-23,1 - sample A (infested),2.19,2.7,1,both blisters,
KAU,HI-1,HI,33,10-May-23,1 - sample A (infested),2.95,2.8,1,both blisters - WORMS VOUCHERED 2,
KAU,HI-1,HI,34,10-May-23,1 - sample A (infested),4.22,3.1,1,both blisters,
KAU,HI-1,HI,35,10-May-23,1 - sample A (infested),2.19,2.5,1,both blisters,
KAU,HI-1,HI,36,10-May-23,1 - sample A (infested),2.62,2.7,1,both blisters,
KAU,HI-1,HI,37,10-May-23,1 - sample A (infested),2.79,2.6,1,both blisters,
KAU,HI-1,HI,38,10-May-23,1 - sample A (infested),1.94,2.7,1,both blisters,
KAU,HI-1,HI,39,10-May-23,1 - sample A (infested),2.02,2.1,1,both blisters,
KAU,HI-1,HI,40,10-May-23,1 - sample A (infested),5.2,3.2,1,both blisters,
KAU,HI-1,HI,41,10-May-23,1 - sample A (infested),2.37,2.5,1,both blisters,
KAU,HI-1,HI,42,10-May-23,1 - sample A (infested),1.68,2.2,1,both blisters,
KAU,HI-1,HI,43,10-May-23,1 - sample A (infested),3.07,3,0,both blisters,
KAU,HI-1,HI,44,10-May-23,1 - sample A (infested),3.62,3.1,1,both blisters,
KAU,HI-1,HI,45,10-May-23,1 - sample A (infested),3.04,2.3,1,both blisters,
KAU,HI-1,HI,46,10-May-23,1 - sample A (infested),3.24,2.6,1,both blisters - WORM VOUCHERED,
KAU,HI-1,HI,47,10-May-23,1 - sample A (infested),3.67,2.8,1,both blisters,
KAU,HI-1,HI,48,10-May-23,1 - sample A (infested),1.92,2.6,1,both blisters,
KAU,HI-1,HI,49,10-May-23,1 - sample A (infested),3.45,2.8,1,both blisters,
KAU,HI-1,HI,50,10-May-23,1 - sample A (infested),2.93,2.7,1,both blisters - WORM VOUCHERED,
KAU,HI-2,HI,51,10-May-23,2 - sample B (treated),0.36,1.5,0,no,
KAU,HI-2,HI,52,10-May-23,2 - sample B (treated),0.56,2,0,no,
KAU,HI-2,HI,53,10-May-23,2 - sample B (treated),0.45,1.5,0,no,
KAU,HI-2,HI,54,10-May-23,2 - sample B (treated),0.31,1.6,0,no,
KAU,HI-2,HI,55,10-May-23,2 - sample B (treated),0.33,1.7,0,no,
KAU,HI-2,HI,56,10-May-23,2 - sample B (treated),0.41,1.9,0,no,
KAU,HI-2,HI,57,10-May-23,2 - sample B (treated),0.47,1.7,0,no,
KAU,HI-2,HI,58,10-May-23,2 - sample B (treated),0.38,1.8,0,no,
KAU,HI-2,HI,59,10-May-23,2 - sample B (treated),0.44,1.9,0,no,
KAU,HI-2,HI,60,10-May-23,2 - sample B (treated),0.5,2,0,no,
KAU,HI-2,HI,61,10-May-23,2 - sample B (treated),0.27,1.6,0,no,
KAU,HI-2,HI,62,10-May-23,2 - sample B (treated),0.27,1.8,0,no,
KAU,HI-2,HI,63,10-May-23,2 - sample B (treated),0.19,1.6,0,no,
KAU,HI-2,HI,64,10-May-23,2 - sample B (treated),0.27,1.4,0,no,
KAU,HI-2,HI,65,10-May-23,2 - sample B (treated),0.23,1.6,0,no,
KAU,HI-2,HI,66,10-May-23,2 - sample B (treated),0.23,1.4,0,no,
KAU,HI-2,HI,67,10-May-23,2 - sample B (treated),0.32,1.9,0,no,
KAU,HI-2,HI,68,10-May-23,2 - sample B (treated),0.32,1.9,0,no,
KAU,HI-2,HI,69,10-May-23,2 - sample B (treated),0.24,1.7,0,no,
KAU,HI-2,HI,70,10-May-23,2 - sample B (treated),0.32,1.9,0,no,
KAU,HI-2,HI,71,10-May-23,2 - sample B (treated),0.28,1.8,0,no,
KAU,HI-2,HI,72,10-May-23,2 - sample B (treated),0.23,1.6,0,no,
KAU,HI-2,HI,73,10-May-23,2 - sample B (treated),0.3,1.8,0,no,
KAU,HI-2,HI,74,10-May-23,2 - sample B (treated),0.2,1.4,0,no,
KAU,HI-2,HI,75,10-May-23,2 - sample B (treated),0.25,1.6,0,no,
KAU,HI-2,HI,76,10-May-23,2 - sample B (treated),0.27,1.8,0,no,
KAU,HI-2,HI,77,10-May-23,2 - sample B (treated),0.16,1.4,0,no,
KAU,HI-2,HI,78,10-May-23,2 - sample B (treated),0.23,1.4,0,no,
KAU,HI-2,HI,79,10-May-23,2 - sample B (treated),0.47,2,0,no,
KAU,HI-2,HI,80,10-May-23,2 - sample B (treated),0.24,1.6,0,no,
KAU,HI-2,HI,81,10-May-23,2 - sample B (treated),0.22,1.5,0,no,
KAU,HI-2,HI,82,10-May-23,2 - sample B (treated),0.25,1.7,0,no,
KAU,HI-2,HI,83,10-May-23,2 - sample B (treated),0.27,1.5,0,no,
KAU,HI-2,HI,84,10-May-23,2 - sample B (treated),0.22,1.6,0,no,
KAU,HI-2,HI,85,10-May-23,2 - sample B (treated),0.21,1.5,0,no,
KAU,HI-2,HI,86,10-May-23,2 - sample B (treated),0.3,1.7,0,no,
KAU,HI-2,HI,87,10-May-23,2 - sample B (treated),0.33,1.8,0,no,
KAU,HI-2,HI,88,10-May-23,2 - sample B (treated),0.37,1.75,0,no,
KAU,HI-2,HI,89,10-May-23,2 - sample B (treated),0.25,1.6,0,no,
KAU,HI-2,HI,90,10-May-23,2 - sample B (treated),0.24,1.4,0,no,
KAU,HI-2,HI,91,10-May-23,2 - sample B (treated),0.25,1.6,0,no,
KAU,HI-2,HI,92,10-May-23,2 - sample B (treated),0.16,1.4,0,no,
KAU,HI-2,HI,93,10-May-23,2 - sample B (treated),0.18,1.6,0,no,
KAU,HI-2,HI,94,10-May-23,2 - sample B (treated),0.21,1.5,0,no,
KAU,HI-2,HI,95,10-May-23,2 - sample B (treated),0.2,1.4,0,no,
KAU,HI-2,HI,96,10-May-23,2 - sample B (treated),0.22,1.5,0,no,
KAU,HI-2,HI,97,10-May-23,2 - sample B (treated),0.2,1.5,0,no,
KAU,HI-2,HI,98,10-May-23,2 - sample B (treated),0.35,1.5,0,no,
KAU,HI-2,HI,99,10-May-23,2 - sample B (treated),0.3,1.5,0,no,
KAU,HI-2,HI,100,10-May-23,2 - sample B (treated),0.27,1.5,0,no,
KAU,HI-2,HI,101,10-May-23,2 - sample B (treated),0.21,1.5,0,no,
KAU,HI-2,HI,102,10-May-23,2 - sample B (treated),0.18,1.2,0,no,
KAU,HI-2,HI,103,10-May-23,2 - sample B (treated),0.19,1.5,0,no,
KAU,HI-2,HI,104,10-May-23,2 - sample B (treated),0.17,1.4,0,no,
KAU,HI-2,HI,105,10-May-23,2 - sample B (treated),0.16,1.1,0,no,
KAU,HI-2,HI,106,10-May-23,2 - sample B (treated),0.21,1.4,0,no,
KAU,HI-2,HI,107,10-May-23,2 - sample B (treated),0.24,1.6,0,no,
KAU,HI-2,HI,108,10-May-23,2 - sample B (treated),0.18,1.4,0,no,
KAU,HI-2,HI,109,10-May-23,2 - sample B (treated),0.18,1.5,0,no,
KAU,HI-2,HI,110,10-May-23,2 - sample B (treated),0.22,1.1,0,no,
KAU,HI-2,HI,111,10-May-23,2 - sample B (treated),0.23,1.5,0,no,
KAU,HI-2,HI,112,10-May-23,2 - sample B (treated),0.18,1.5,0,no,
KAU,HI-2,HI,113,10-May-23,2 - sample B (treated),0.16,1.2,1,no,
KAU,HI-2,HI,114,10-May-23,2 - sample B (treated),0.17,1.4,0,no,
KAU,HI-2,HI,115,10-May-23,2 - sample B (treated),0.19,1.5,0,no,
KAU,HI-2,HI,116,10-May-23,2 - sample B (treated),0.18,1.4,0,no,
KAU,HI-2,HI,117,10-May-23,2 - sample B (treated),0.16,1.3,0,no,
KAU,HI-2,HI,118,10-May-23,2 - sample B (treated),0.15,1.5,0,no,
KAU,HI-2,HI,119,10-May-23,2 - sample B (treated),0.13,1.2,0,no,
KAU,HI-2,HI,120,10-May-23,2 - sample B (treated),0.21,1.6,0,no,
KAU,HI-2,HI,121,10-May-23,2 - sample B (treated),0.11,1.2,0,no,
KAU,HI-2,HI,122,10-May-23,2 - sample B (treated),0.19,1.4,0,no,
KAU,HI-2,HI,123,10-May-23,2 - sample B (treated),0.16,1.3,0,no,
KAU,HI-2,HI,124,10-May-23,2 - sample B (treated),0.16,1.4,0,no,
KAU,HI-2,HI,125,10-May-23,2 - sample B (treated),0.15,1.3,0,no,
KAU,HI-2,HI,126,10-May-23,2 - sample B (treated),0.13,1.1,0,no,
KAU,HI-2,HI,127,10-May-23,2 - sample B (treated),0.22,1.2,0,no,
KAU,HI-2,HI,128,10-May-23,2 - sample B (treated),0.13,1.3,0,no,
KAU,HI-2,HI,129,10-May-23,2 - sample B (treated),0.17,1.3,0,no,
KAU,HI-2,HI,130,10-May-23,2 - sample B (treated),0.15,1.3,0,no,
KAU,HI-2,HI,131,10-May-23,2 - sample B (treated),0.18,1.2,0,no,
KAU,HI-2,HI,132,10-May-23,2 - sample B (treated),0.13,1.1,0,no,
KAU,HI-2,HI,133,10-May-23,2 - sample B (treated),0.16,1.4,0,no,
KAU,HI-2,HI,134,10-May-23,2 - sample B (treated),0.11,1.1,0,no,
KAU,HI-2,HI,135,10-May-23,2 - sample B (treated),0.18,1.2,0,no,
KAU,HI-2,HI,136,10-May-23,2 - sample B (treated),0.12,1.3,0,no,
KAU,HI-2,HI,137,10-May-23,2 - sample B (treated),0.16,1.4,0,no,
KAU,HI-2,HI,138,10-May-23,2 - sample B (treated),0.1,1.4,0,no,
KAU,HI-2,HI,139,10-May-23,2 - sample B (treated),0.19,1.4,0,no,
KAU,HI-2,HI,140,10-May-23,2 - sample B (treated),0.2,1.4,1,no,
KAU,HI-2,HI,141,10-May-23,2 - sample B (treated),0.13,1.1,0,no,
KAU,HI-2,HI,142,10-May-23,2 - sample B (treated),0.16,1.2,0,no,
KAU,HI-2,HI,143,10-May-23,2 - sample B (treated),0.14,1.2,0,no,
KAU,HI-2,HI,144,10-May-23,2 - sample B (treated),0.17,1.4,0,no,
KAU,HI-2,HI,145,10-May-23,2 - sample B (treated),0.14,1.1,0,no,
KAU,HI-2,HI,146,10-May-23,2 - sample B (treated),0.1,1.2,0,no,
KAU,HI-2,HI,147,10-May-23,2 - sample B (treated),0.12,1.2,0,no,
KAU,HI-2,HI,148,10-May-23,2 - sample B (treated),0.11,1.3,0,no,
KAU,HI-2,HI,149,10-May-23,2 - sample B (treated),0.12,1.2,0,no,
KAU,HI-2,HI,150,10-May-23,2 - sample B (treated),0.11,1.1,0,no,
HAK,AK-1,AK,1,29-May-23,bin 4,6.29,4.3,0,,
HAK,AK-1,AK,2,29-May-23,bin 4,4.45,4,0,,
HAK,AK-1,AK,3,29-May-23,bin 4,9.39,5,0,,
HAK,AK-1,AK,4,29-May-23,bin 4,4.17,3.2,0,,
HAK,AK-1,AK,5,29-May-23,bin 4,4.51,3.8,1,right ,
HAK,AK-1,AK,6,29-May-23,bin 4,3.81,3.8,0,,
HAK,AK-1,AK,7,29-May-23,bin 4,5.35,4,0,,
HAK,AK-1,AK,8,29-May-23,bin 4,5.69,4.3,0,,
HAK,AK-1,AK,9,29-May-23,bin 4,5.45,4.1,0,,
HAK,AK-1,AK,10,29-May-23,bin 4,3.66,4.5,1,left hinge blister,
HAK,AK-1,AK,11,29-May-23,bin 4,3.52,3.4,0,,
HAK,AK-1,AK,12,29-May-23,bin 4,4.85,3.8,0,,
HAK,AK-1,AK,13,29-May-23,bin 4,3.35,3.4,1,r,
HAK,AK-1,AK,14,29-May-23,bin 4,3.1,3.6,0,,
HAK,AK-1,AK,15,29-May-23,bin 4,5.38,4.4,0,,
HAK,AK-1,AK,16,29-May-23,bin 4,3.89,3.7,0,,
HAK,AK-1,AK,17,29-May-23,bin 4,4.97,4.1,0,,
HAK,AK-1,AK,18,29-May-23,bin 4,4.94,3.7,0,,
HAK,AK-1,AK,19,29-May-23,bin 4,4.02,3.6,0,,
HAK,AK-1,AK,20,29-May-23,bin 4,1.72,3.1,0,,
HAK,AK-1,AK,21,29-May-23,bin 4,3.18,3.6,0,,
HAK,AK-1,AK,22,29-May-23,bin 4,2.94,3.2,0,,
HAK,AK-1,AK,23,29-May-23,bin 4,5.06,3.7,0,,
HAK,AK-1,AK,24,29-May-23,bin 4,3.2,3.2,0,,
HAK,AK-1,AK,25,29-May-23,bin 4,3.88,4.2,0,,
HAK,AK-1,AK,26,29-May-23,bin 3,3.98,4.2,0,,
HAK,AK-1,AK,27,29-May-23,bin 3,5.65,4,0,,
HAK,AK-1,AK,28,29-May-23,bin 3,4.52,4.3,0,,
HAK,AK-1,AK,29,29-May-23,bin 3,6.03,3.7,0,,
HAK,AK-1,AK,30,29-May-23,bin 3,4.86,3.9,1,right blister,
HAK,AK-1,AK,31,29-May-23,bin 3,4.66,3.8,0,,
HAK,AK-1,AK,32,29-May-23,bin 3,5.21,4.3,0,,
HAK,AK-1,AK,33,29-May-23,bin 3,4.41,4.1,0,,
HAK,AK-1,AK,34,29-May-23,bin 3,4.4,3.5,0,,
HAK,AK-1,AK,35,29-May-23,bin 3,5.15,4.3,0,,
HAK,AK-1,AK,36,29-May-23,bin 3,4.27,3.9,0,,
HAK,AK-1,AK,37,29-May-23,bin 3,6.4,4.1,0,,
HAK,AK-1,AK,38,29-May-23,bin 3,4.01,3.7,0,,
HAK,AK-1,AK,39,29-May-23,bin 3,5.57,3.9,0,,
HAK,AK-1,AK,40,29-May-23,bin 3,3.48,3.6,0,,
HAK,AK-1,AK,41,29-May-23,bin 3,5.7,5.1,0,,
HAK,AK-1,AK,42,29-May-23,bin 3,3.74,3.5,0,,
HAK,AK-1,AK,43,29-May-23,bin 3,3.65,3.4,0,,
HAK,AK-1,AK,44,29-May-23,bin 3,7.76,4.3,0,,
HAK,AK-1,AK,45,29-May-23,bin 3,4.2,4.2,1,right burrow,
HAK,AK-1,AK,46,29-May-23,bin 3,4.44,3.5,0,,
HAK,AK-1,AK,47,29-May-23,bin 3,4.96,3.9,0,,
HAK,AK-1,AK,48,29-May-23,bin 3,3.23,3.7,0,,
HAK,AK-1,AK,49,29-May-23,bin 3,1.6,3.8,0,,
HAK,AK-1,AK,50,29-May-23,bin 3,3.41,3.6,0,,
